task,planner,budget,n,score_mean,score_se,score_best,feasibility_rate,source_csv
bcst_hard_H6_A6_S120,random,100,20,1597.286910011507,4.286299785729612,1525.708913236973,1.0,results/large_scale_calibrated_multiseed_bcst_hard_governed_wowa_balanced_raw.csv
bcst_hard_H6_A6_S120,beam,100,20,1587.8761356721163,0.0,1587.8761356721163,1.0,results/large_scale_calibrated_multiseed_bcst_hard_governed_wowa_balanced_raw.csv
bcst_hard_H6_A6_S120,cem,100,20,1590.745519893686,4.04460853074339,1524.3566785601638,1.0,results/large_scale_calibrated_multiseed_bcst_hard_governed_wowa_balanced_raw.csv
bcst_hard_H6_A6_S120,evolutionary,100,20,1597.6648971788165,2.5148422419334895,1583.3865334008265,1.0,results/large_scale_calibrated_multiseed_bcst_hard_governed_wowa_balanced_raw.csv
bcst_hard_H6_A6_S120,open_loop_mcts,100,20,7977.994245720884,4298.127471045897,1585.8160370075204,0.85,results/large_scale_calibrated_multiseed_bcst_hard_governed_wowa_balanced_raw.csv
bcst_hard_H6_A6_S120,random,500,20,1588.3436397494022,3.530853303882276,1525.708913236973,1.0,results/large_scale_calibrated_multiseed_bcst_hard_governed_wowa_balanced_raw.csv
bcst_hard_H6_A6_S120,beam,500,20,1523.8157846894399,0.0,1523.8157846894399,1.0,results/large_scale_calibrated_multiseed_bcst_hard_governed_wowa_balanced_raw.csv
bcst_hard_H6_A6_S120,cem,500,20,1564.8537526052276,6.825174321768987,1523.8157846894399,1.0,results/large_scale_calibrated_multiseed_bcst_hard_governed_wowa_balanced_raw.csv
bcst_hard_H6_A6_S120,evolutionary,500,20,1554.0011220637157,7.448357858857338,1523.8157846894399,1.0,results/large_scale_calibrated_multiseed_bcst_hard_governed_wowa_balanced_raw.csv
bcst_hard_H6_A6_S120,open_loop_mcts,500,20,7977.994245720884,4298.127471045897,1585.8160370075204,0.85,results/large_scale_calibrated_multiseed_bcst_hard_governed_wowa_balanced_raw.csv
bcst_hard_H6_A6_S120,random,1000,20,1568.474742330101,6.5892288906633425,1524.1763806032554,1.0,results/large_scale_calibrated_multiseed_bcst_hard_governed_wowa_balanced_raw.csv
bcst_hard_H6_A6_S120,beam,1000,20,1523.8157846894399,0.0,1523.8157846894399,1.0,results/large_scale_calibrated_multiseed_bcst_hard_governed_wowa_balanced_raw.csv
bcst_hard_H6_A6_S120,cem,1000,20,1533.5458757627343,4.920855545535112,1523.8157846894399,1.0,results/large_scale_calibrated_multiseed_bcst_hard_governed_wowa_balanced_raw.csv
bcst_hard_H6_A6_S120,evolutionary,1000,20,1547.0390881211615,7.039070469606107,1523.8157846894399,1.0,results/large_scale_calibrated_multiseed_bcst_hard_governed_wowa_balanced_raw.csv
bcst_hard_H6_A6_S120,open_loop_mcts,1000,20,7977.994245720884,4298.127471045897,1585.8160370075204,0.85,results/large_scale_calibrated_multiseed_bcst_hard_governed_wowa_balanced_raw.csv
bcst_hard_H6_A6_S120,random,5000,20,1536.362251033901,5.465999594575568,1523.8157846894399,1.0,results/large_scale_calibrated_multiseed_bcst_hard_governed_wowa_balanced_raw.csv
bcst_hard_H6_A6_S120,beam,5000,20,1523.8157846894399,0.0,1523.8157846894399,1.0,results/large_scale_calibrated_multiseed_bcst_hard_governed_wowa_balanced_raw.csv
bcst_hard_H6_A6_S120,cem,5000,20,1523.9480031911721,0.06631740167443938,1523.8157846894399,1.0,results/large_scale_calibrated_multiseed_bcst_hard_governed_wowa_balanced_raw.csv
bcst_hard_H6_A6_S120,evolutionary,5000,20,1523.9164510487133,0.041148634598469014,1523.8157846894399,1.0,results/large_scale_calibrated_multiseed_bcst_hard_governed_wowa_balanced_raw.csv
bcst_hard_H6_A6_S120,open_loop_mcts,5000,20,7977.994245720884,4298.127471045897,1585.8160370075204,0.85,results/large_scale_calibrated_multiseed_bcst_hard_governed_wowa_balanced_raw.csv
bcst_hard_H6_A6_S120,random,10000,20,1527.2375713387469,2.9472338115835655,1523.8157846894399,1.0,results/large_scale_calibrated_multiseed_bcst_hard_governed_wowa_balanced_raw.csv
bcst_hard_H6_A6_S120,beam,10000,20,1523.8157846894399,0.0,1523.8157846894399,1.0,results/large_scale_calibrated_multiseed_bcst_hard_governed_wowa_balanced_raw.csv
bcst_hard_H6_A6_S120,cem,10000,20,1523.9480031911721,0.06631740167443938,1523.8157846894399,1.0,results/large_scale_calibrated_multiseed_bcst_hard_governed_wowa_balanced_raw.csv
bcst_hard_H6_A6_S120,evolutionary,10000,20,1523.8338144851305,0.012408956429770178,1523.8157846894399,1.0,results/large_scale_calibrated_multiseed_bcst_hard_governed_wowa_balanced_raw.csv
bcst_hard_H6_A6_S120,open_loop_mcts,10000,20,7977.994245720884,4298.127471045897,1585.8160370075204,0.85,results/large_scale_calibrated_multiseed_bcst_hard_governed_wowa_balanced_raw.csv
bcst_hard_H8_A6_S120,random,100,20,1435.1182826511797,44.265149924663184,636.8228987458613,1.0,results/large_scale_calibrated_multiseed_bcst_hard_governed_wowa_balanced_raw.csv
bcst_hard_H8_A6_S120,beam,100,20,1447.060107888922,0.0,1447.060107888922,1.0,results/large_scale_calibrated_multiseed_bcst_hard_governed_wowa_balanced_raw.csv
bcst_hard_H8_A6_S120,cem,100,20,1373.869809609625,32.18272018688038,1095.9937576486889,1.0,results/large_scale_calibrated_multiseed_bcst_hard_governed_wowa_balanced_raw.csv
bcst_hard_H8_A6_S120,evolutionary,100,20,1399.3488738223539,27.052456264834802,1098.5504341132867,1.0,results/large_scale_calibrated_multiseed_bcst_hard_governed_wowa_balanced_raw.csv
bcst_hard_H8_A6_S120,open_loop_mcts,100,20,1311.7027308447425,51.97810067420396,961.3305228933987,1.0,results/large_scale_calibrated_multiseed_bcst_hard_governed_wowa_balanced_raw.csv
bcst_hard_H8_A6_S120,random,500,20,1328.0423710999753,47.65863007079032,636.8228987458613,1.0,results/large_scale_calibrated_multiseed_bcst_hard_governed_wowa_balanced_raw.csv
bcst_hard_H8_A6_S120,beam,500,20,798.9550770958126,0.0,798.9550770958126,1.0,results/large_scale_calibrated_multiseed_bcst_hard_governed_wowa_balanced_raw.csv
bcst_hard_H8_A6_S120,cem,500,20,982.7036270890484,42.91522265575312,637.955436598666,1.0,results/large_scale_calibrated_multiseed_bcst_hard_governed_wowa_balanced_raw.csv
bcst_hard_H8_A6_S120,evolutionary,500,20,937.1712567514327,58.09600296600556,636.5248624688072,1.0,results/large_scale_calibrated_multiseed_bcst_hard_governed_wowa_balanced_raw.csv
bcst_hard_H8_A6_S120,open_loop_mcts,500,20,1311.7027308447425,51.97810067420396,961.3305228933987,1.0,results/large_scale_calibrated_multiseed_bcst_hard_governed_wowa_balanced_raw.csv
bcst_hard_H8_A6_S120,random,1000,20,1201.2799970229933,61.992594173930705,636.8228987458613,1.0,results/large_scale_calibrated_multiseed_bcst_hard_governed_wowa_balanced_raw.csv
bcst_hard_H8_A6_S120,beam,1000,20,798.9550770958126,0.0,798.9550770958126,1.0,results/large_scale_calibrated_multiseed_bcst_hard_governed_wowa_balanced_raw.csv
bcst_hard_H8_A6_S120,cem,1000,20,684.6302243569063,25.48653106957765,635.7499681484676,1.0,results/large_scale_calibrated_multiseed_bcst_hard_governed_wowa_balanced_raw.csv
bcst_hard_H8_A6_S120,evolutionary,1000,20,747.8840792369315,25.145463282133,635.3923246160026,1.0,results/large_scale_calibrated_multiseed_bcst_hard_governed_wowa_balanced_raw.csv
bcst_hard_H8_A6_S120,open_loop_mcts,1000,20,1311.7027308447425,51.97810067420396,961.3305228933987,1.0,results/large_scale_calibrated_multiseed_bcst_hard_governed_wowa_balanced_raw.csv
bcst_hard_H8_A6_S120,random,5000,20,882.9829962068326,48.07148274906019,635.5711463822352,1.0,results/large_scale_calibrated_multiseed_bcst_hard_governed_wowa_balanced_raw.csv
bcst_hard_H8_A6_S120,beam,5000,20,798.9550770958126,0.0,798.9550770958126,1.0,results/large_scale_calibrated_multiseed_bcst_hard_governed_wowa_balanced_raw.csv
bcst_hard_H8_A6_S120,cem,5000,20,635.5592249311528,0.07371742046647908,635.3923246160026,1.0,results/large_scale_calibrated_multiseed_bcst_hard_governed_wowa_balanced_raw.csv
bcst_hard_H8_A6_S120,evolutionary,5000,20,714.1803767134011,19.930736422655784,635.3923246160026,1.0,results/large_scale_calibrated_multiseed_bcst_hard_governed_wowa_balanced_raw.csv
bcst_hard_H8_A6_S120,open_loop_mcts,5000,20,1311.7027308447425,51.97810067420396,961.3305228933987,1.0,results/large_scale_calibrated_multiseed_bcst_hard_governed_wowa_balanced_raw.csv
bcst_hard_H8_A6_S120,random,10000,20,813.2979894346989,40.921535949590904,635.5711463822352,1.0,results/large_scale_calibrated_multiseed_bcst_hard_governed_wowa_balanced_raw.csv
bcst_hard_H8_A6_S120,beam,10000,20,798.9550770958126,0.0,798.9550770958126,1.0,results/large_scale_calibrated_multiseed_bcst_hard_governed_wowa_balanced_raw.csv
bcst_hard_H8_A6_S120,cem,10000,20,635.5592249311528,0.07371742046647908,635.3923246160026,1.0,results/large_scale_calibrated_multiseed_bcst_hard_governed_wowa_balanced_raw.csv
bcst_hard_H8_A6_S120,evolutionary,10000,20,714.0493329844933,19.938711075708905,635.3923246160026,1.0,results/large_scale_calibrated_multiseed_bcst_hard_governed_wowa_balanced_raw.csv
bcst_hard_H8_A6_S120,open_loop_mcts,10000,20,1311.7027308447425,51.97810067420396,961.3305228933987,1.0,results/large_scale_calibrated_multiseed_bcst_hard_governed_wowa_balanced_raw.csv
bcst_hard_H10_A6_S120,random,100,20,1536.3340946697454,43.980373205435455,1230.1504266113425,1.0,results/large_scale_calibrated_multiseed_bcst_hard_governed_wowa_balanced_raw.csv
bcst_hard_H10_A6_S120,beam,100,20,1434.4106656116232,0.0,1434.4106656116232,1.0,results/large_scale_calibrated_multiseed_bcst_hard_governed_wowa_balanced_raw.csv
bcst_hard_H10_A6_S120,cem,100,20,965.5934066392758,105.25649707625895,251.9174212161013,1.0,results/large_scale_calibrated_multiseed_bcst_hard_governed_wowa_balanced_raw.csv
bcst_hard_H10_A6_S120,evolutionary,100,20,1329.8078328600304,74.98281237870067,377.55907726800194,1.0,results/large_scale_calibrated_multiseed_bcst_hard_governed_wowa_balanced_raw.csv
bcst_hard_H10_A6_S120,open_loop_mcts,100,20,818.3383005715625,109.76040733776364,249.4579237377198,1.0,results/large_scale_calibrated_multiseed_bcst_hard_governed_wowa_balanced_raw.csv
bcst_hard_H10_A6_S120,random,500,20,1385.124304877665,43.86810827358291,625.9596605747352,1.0,results/large_scale_calibrated_multiseed_bcst_hard_governed_wowa_balanced_raw.csv
bcst_hard_H10_A6_S120,beam,500,20,252.21735993297713,0.0,252.21735993297713,1.0,results/large_scale_calibrated_multiseed_bcst_hard_governed_wowa_balanced_raw.csv
bcst_hard_H10_A6_S120,cem,500,20,388.5370996732127,58.36052377261698,247.95823015334082,1.0,results/large_scale_calibrated_multiseed_bcst_hard_governed_wowa_balanced_raw.csv
bcst_hard_H10_A6_S120,evolutionary,500,20,306.51812259148,21.603449212397972,245.85865913521025,1.0,results/large_scale_calibrated_multiseed_bcst_hard_governed_wowa_balanced_raw.csv
bcst_hard_H10_A6_S120,open_loop_mcts,500,20,700.9962562778446,92.62513646426186,249.4579237377198,1.0,results/large_scale_calibrated_multiseed_bcst_hard_governed_wowa_balanced_raw.csv
bcst_hard_H10_A6_S120,random,1000,20,1166.1175883271828,88.69598200979851,390.9055049113108,1.0,results/large_scale_calibrated_multiseed_bcst_hard_governed_wowa_balanced_raw.csv
bcst_hard_H10_A6_S120,beam,1000,20,252.21735993297713,0.0,252.21735993297713,1.0,results/large_scale_calibrated_multiseed_bcst_hard_governed_wowa_balanced_raw.csv
bcst_hard_H10_A6_S120,cem,1000,20,247.59530430592108,0.3968287603710081,244.95884298458284,1.0,results/large_scale_calibrated_multiseed_bcst_hard_governed_wowa_balanced_raw.csv
bcst_hard_H10_A6_S120,evolutionary,1000,20,253.56039966202334,5.996481501501621,243.63911263032935,1.0,results/large_scale_calibrated_multiseed_bcst_hard_governed_wowa_balanced_raw.csv
bcst_hard_H10_A6_S120,open_loop_mcts,1000,20,700.9962562778446,92.62513646426186,249.4579237377198,1.0,results/large_scale_calibrated_multiseed_bcst_hard_governed_wowa_balanced_raw.csv
bcst_hard_H10_A6_S120,random,5000,20,503.7187759771988,50.92230119380704,248.43813210034202,1.0,results/large_scale_calibrated_multiseed_bcst_hard_governed_wowa_balanced_raw.csv
bcst_hard_H10_A6_S120,beam,5000,20,252.21735993297713,0.0,252.21735993297713,1.0,results/large_scale_calibrated_multiseed_bcst_hard_governed_wowa_balanced_raw.csv
bcst_hard_H10_A6_S120,cem,5000,20,244.40695574553135,0.11253015331377232,243.63911263032935,1.0,results/large_scale_calibrated_multiseed_bcst_hard_governed_wowa_balanced_raw.csv
bcst_hard_H10_A6_S120,evolutionary,5000,20,244.42795145571267,0.14843178897217602,243.63911263032935,1.0,results/large_scale_calibrated_multiseed_bcst_hard_governed_wowa_balanced_raw.csv
bcst_hard_H10_A6_S120,open_loop_mcts,5000,20,700.9962562778446,92.62513646426186,249.4579237377198,1.0,results/large_scale_calibrated_multiseed_bcst_hard_governed_wowa_balanced_raw.csv
bcst_hard_H10_A6_S120,random,10000,20,378.76651157863955,22.90966765315631,248.43813210034202,1.0,results/large_scale_calibrated_multiseed_bcst_hard_governed_wowa_balanced_raw.csv
bcst_hard_H10_A6_S120,beam,10000,20,252.21735993297713,0.0,252.21735993297713,1.0,results/large_scale_calibrated_multiseed_bcst_hard_governed_wowa_balanced_raw.csv
bcst_hard_H10_A6_S120,cem,10000,20,244.40695574553135,0.11253015331377232,243.63911263032935,1.0,results/large_scale_calibrated_multiseed_bcst_hard_governed_wowa_balanced_raw.csv
bcst_hard_H10_A6_S120,evolutionary,10000,20,243.86106728081742,0.0782265547415531,243.63911263032935,1.0,results/large_scale_calibrated_multiseed_bcst_hard_governed_wowa_balanced_raw.csv
bcst_hard_H10_A6_S120,open_loop_mcts,10000,20,700.9962562778446,92.62513646426186,249.4579237377198,1.0,results/large_scale_calibrated_multiseed_bcst_hard_governed_wowa_balanced_raw.csv
bcst_hard_H12_A6_S120,random,100,20,2088.35208648502,78.72427683546164,1467.3435261693485,1.0,results/large_scale_calibrated_multiseed_bcst_hard_governed_wowa_balanced_raw.csv
bcst_hard_H12_A6_S120,beam,100,20,1487.1724534417333,0.0,1487.1724534417333,1.0,results/large_scale_calibrated_multiseed_bcst_hard_governed_wowa_balanced_raw.csv
bcst_hard_H12_A6_S120,cem,100,20,1198.417967897817,116.34449556407566,134.73734491016174,1.0,results/large_scale_calibrated_multiseed_bcst_hard_governed_wowa_balanced_raw.csv
bcst_hard_H12_A6_S120,evolutionary,100,20,1535.3228066453169,90.8832691063165,250.1779459024001,1.0,results/large_scale_calibrated_multiseed_bcst_hard_governed_wowa_balanced_raw.csv
bcst_hard_H12_A6_S120,open_loop_mcts,100,20,741.8462508418814,136.63793527263738,145.23664954182402,1.0,results/large_scale_calibrated_multiseed_bcst_hard_governed_wowa_balanced_raw.csv
bcst_hard_H12_A6_S120,random,500,20,1547.8863324416852,38.53611444739046,1437.9062813849737,1.0,results/large_scale_calibrated_multiseed_bcst_hard_governed_wowa_balanced_raw.csv
bcst_hard_H12_A6_S120,beam,500,20,146.30862052998043,0.0,146.30862052998043,1.0,results/large_scale_calibrated_multiseed_bcst_hard_governed_wowa_balanced_raw.csv
bcst_hard_H12_A6_S120,cem,500,20,493.48165526756435,109.51088042001896,138.46608589011555,1.0,results/large_scale_calibrated_multiseed_bcst_hard_governed_wowa_balanced_raw.csv
bcst_hard_H12_A6_S120,evolutionary,500,20,144.63195994645525,5.357515977785879,127.04319800451614,1.0,results/large_scale_calibrated_multiseed_bcst_hard_governed_wowa_balanced_raw.csv
bcst_hard_H12_A6_S120,open_loop_mcts,500,20,342.9336730204139,87.39160616051653,137.9251920193917,1.0,results/large_scale_calibrated_multiseed_bcst_hard_governed_wowa_balanced_raw.csv
bcst_hard_H12_A6_S120,random,1000,20,1510.985020955954,28.90179726858357,1436.1966382807584,1.0,results/large_scale_calibrated_multiseed_bcst_hard_governed_wowa_balanced_raw.csv
bcst_hard_H12_A6_S120,beam,1000,20,146.30862052998043,0.0,146.30862052998043,1.0,results/large_scale_calibrated_multiseed_bcst_hard_governed_wowa_balanced_raw.csv
bcst_hard_H12_A6_S120,cem,1000,20,134.80310672228273,0.7886625126984625,128.00880438945418,1.0,results/large_scale_calibrated_multiseed_bcst_hard_governed_wowa_balanced_raw.csv
bcst_hard_H12_A6_S120,evolutionary,1000,20,133.77217178454674,0.6046802886612811,127.04319800451614,1.0,results/large_scale_calibrated_multiseed_bcst_hard_governed_wowa_balanced_raw.csv
bcst_hard_H12_A6_S120,open_loop_mcts,1000,20,342.9336730204139,87.39160616051653,137.9251920193917,1.0,results/large_scale_calibrated_multiseed_bcst_hard_governed_wowa_balanced_raw.csv
bcst_hard_H12_A6_S120,random,5000,20,1239.4688248434634,100.04662602210102,147.30814003155498,1.0,results/large_scale_calibrated_multiseed_bcst_hard_governed_wowa_balanced_raw.csv
bcst_hard_H12_A6_S120,beam,5000,20,146.30862052998043,0.0,146.30862052998043,1.0,results/large_scale_calibrated_multiseed_bcst_hard_governed_wowa_balanced_raw.csv
bcst_hard_H12_A6_S120,cem,5000,20,127.42397047791495,0.28454761223138963,125.60054545970756,1.0,results/large_scale_calibrated_multiseed_bcst_hard_governed_wowa_balanced_raw.csv
bcst_hard_H12_A6_S120,evolutionary,5000,20,129.2608977585617,0.376648915697653,125.60054545970756,1.0,results/large_scale_calibrated_multiseed_bcst_hard_governed_wowa_balanced_raw.csv
bcst_hard_H12_A6_S120,open_loop_mcts,5000,20,342.9336730204139,87.39160616051653,137.9251920193917,1.0,results/large_scale_calibrated_multiseed_bcst_hard_governed_wowa_balanced_raw.csv
bcst_hard_H12_A6_S120,random,10000,20,800.6802424533486,135.09331102889286,132.87684922596893,1.0,results/large_scale_calibrated_multiseed_bcst_hard_governed_wowa_balanced_raw.csv
bcst_hard_H12_A6_S120,beam,10000,20,146.30862052998043,0.0,146.30862052998043,1.0,results/large_scale_calibrated_multiseed_bcst_hard_governed_wowa_balanced_raw.csv
bcst_hard_H12_A6_S120,cem,10000,20,127.35766484446967,0.2757475746665608,125.60054545970756,1.0,results/large_scale_calibrated_multiseed_bcst_hard_governed_wowa_balanced_raw.csv
bcst_hard_H12_A6_S120,evolutionary,10000,20,127.89658047706438,0.23348430948749171,125.60054545970756,1.0,results/large_scale_calibrated_multiseed_bcst_hard_governed_wowa_balanced_raw.csv
bcst_hard_H12_A6_S120,open_loop_mcts,10000,20,342.9336730204139,87.39160616051653,137.9251920193917,1.0,results/large_scale_calibrated_multiseed_bcst_hard_governed_wowa_balanced_raw.csv
bged_hard_H6_A6_S120,random,100,20,10714.600863351685,76.38655349853353,10594.94844459601,1.0,results/large_scale_calibrated_multiseed_bged_hard_governed_wowa_balanced_raw.csv
bged_hard_H6_A6_S120,beam,100,20,10586.44603016942,0.0,10586.44603016942,1.0,results/large_scale_calibrated_multiseed_bged_hard_governed_wowa_balanced_raw.csv
bged_hard_H6_A6_S120,cem,100,20,10607.70450113445,3.3688847458150772,10586.44603016942,1.0,results/large_scale_calibrated_multiseed_bged_hard_governed_wowa_balanced_raw.csv
bged_hard_H6_A6_S120,evolutionary,100,20,10623.283415493943,4.127214803429785,10594.94844459601,1.0,results/large_scale_calibrated_multiseed_bged_hard_governed_wowa_balanced_raw.csv
bged_hard_H6_A6_S120,open_loop_mcts,100,20,10630.832653089185,5.78959665982711,10587.235624670899,1.0,results/large_scale_calibrated_multiseed_bged_hard_governed_wowa_balanced_raw.csv
bged_hard_H6_A6_S120,random,500,20,10611.79322119136,3.491413542959744,10586.840827420163,1.0,results/large_scale_calibrated_multiseed_bged_hard_governed_wowa_balanced_raw.csv
bged_hard_H6_A6_S120,beam,500,20,10586.44603016942,0.0,10586.44603016942,1.0,results/large_scale_calibrated_multiseed_bged_hard_governed_wowa_balanced_raw.csv
bged_hard_H6_A6_S120,cem,500,20,10589.461472824096,1.629445746530672,10586.44603016942,1.0,results/large_scale_calibrated_multiseed_bged_hard_governed_wowa_balanced_raw.csv
bged_hard_H6_A6_S120,evolutionary,500,20,10586.97900645792,0.1003478494597581,10586.44603016942,1.0,results/large_scale_calibrated_multiseed_bged_hard_governed_wowa_balanced_raw.csv
bged_hard_H6_A6_S120,open_loop_mcts,500,20,10630.832653089185,5.78959665982711,10587.235624670899,1.0,results/large_scale_calibrated_multiseed_bged_hard_governed_wowa_balanced_raw.csv
bged_hard_H6_A6_S120,random,1000,20,10605.85253250899,3.0202742380215657,10586.840827420163,1.0,results/large_scale_calibrated_multiseed_bged_hard_governed_wowa_balanced_raw.csv
bged_hard_H6_A6_S120,beam,1000,20,10586.44603016942,0.0,10586.44603016942,1.0,results/large_scale_calibrated_multiseed_bged_hard_governed_wowa_balanced_raw.csv
bged_hard_H6_A6_S120,cem,1000,20,10586.44603016942,0.0,10586.44603016942,1.0,results/large_scale_calibrated_multiseed_bged_hard_governed_wowa_balanced_raw.csv
bged_hard_H6_A6_S120,evolutionary,1000,20,10586.840827420161,0.10716706506759452,10586.44603016942,1.0,results/large_scale_calibrated_multiseed_bged_hard_governed_wowa_balanced_raw.csv
bged_hard_H6_A6_S120,open_loop_mcts,1000,20,10630.832653089185,5.78959665982711,10587.235624670899,1.0,results/large_scale_calibrated_multiseed_bged_hard_governed_wowa_balanced_raw.csv
bged_hard_H6_A6_S120,random,5000,20,10591.299378236748,1.1229622891444755,10586.44603016942,1.0,results/large_scale_calibrated_multiseed_bged_hard_governed_wowa_balanced_raw.csv
bged_hard_H6_A6_S120,beam,5000,20,10586.44603016942,0.0,10586.44603016942,1.0,results/large_scale_calibrated_multiseed_bged_hard_governed_wowa_balanced_raw.csv
bged_hard_H6_A6_S120,cem,5000,20,10586.44603016942,0.0,10586.44603016942,1.0,results/large_scale_calibrated_multiseed_bged_hard_governed_wowa_balanced_raw.csv
bged_hard_H6_A6_S120,evolutionary,5000,20,10586.465770031957,0.019739862537153385,10586.44603016942,1.0,results/large_scale_calibrated_multiseed_bged_hard_governed_wowa_balanced_raw.csv
bged_hard_H6_A6_S120,open_loop_mcts,5000,20,10630.832653089185,5.78959665982711,10587.235624670899,1.0,results/large_scale_calibrated_multiseed_bged_hard_governed_wowa_balanced_raw.csv
bged_hard_H6_A6_S120,random,10000,20,10589.549473755105,0.8286427923956231,10586.44603016942,1.0,results/large_scale_calibrated_multiseed_bged_hard_governed_wowa_balanced_raw.csv
bged_hard_H6_A6_S120,beam,10000,20,10586.44603016942,0.0,10586.44603016942,1.0,results/large_scale_calibrated_multiseed_bged_hard_governed_wowa_balanced_raw.csv
bged_hard_H6_A6_S120,cem,10000,20,10586.44603016942,0.0,10586.44603016942,1.0,results/large_scale_calibrated_multiseed_bged_hard_governed_wowa_balanced_raw.csv
bged_hard_H6_A6_S120,evolutionary,10000,20,10586.465770031957,0.019739862537153385,10586.44603016942,1.0,results/large_scale_calibrated_multiseed_bged_hard_governed_wowa_balanced_raw.csv
bged_hard_H6_A6_S120,open_loop_mcts,10000,20,10630.832653089185,5.78959665982711,10587.235624670899,1.0,results/large_scale_calibrated_multiseed_bged_hard_governed_wowa_balanced_raw.csv
bged_hard_H8_A6_S120,random,100,20,12969.933590723856,183.8106492004404,10656.805640957378,1.0,results/large_scale_calibrated_multiseed_bged_hard_governed_wowa_balanced_raw.csv
bged_hard_H8_A6_S120,beam,100,20,10589.870835048441,0.0,10589.870835048441,1.0,results/large_scale_calibrated_multiseed_bged_hard_governed_wowa_balanced_raw.csv
bged_hard_H8_A6_S120,cem,100,20,12624.862617471856,236.03460697630595,10645.628982528187,1.0,results/large_scale_calibrated_multiseed_bged_hard_governed_wowa_balanced_raw.csv
bged_hard_H8_A6_S120,evolutionary,100,20,12998.256806629352,145.0185514075558,10658.755958337399,1.0,results/large_scale_calibrated_multiseed_bged_hard_governed_wowa_balanced_raw.csv
bged_hard_H8_A6_S120,open_loop_mcts,100,20,12145.952560517302,221.30477293230416,10625.207284609276,1.0,results/large_scale_calibrated_multiseed_bged_hard_governed_wowa_balanced_raw.csv
bged_hard_H8_A6_S120,random,500,20,12839.241015257912,182.59781308210358,10656.805640957378,1.0,results/large_scale_calibrated_multiseed_bged_hard_governed_wowa_balanced_raw.csv
bged_hard_H8_A6_S120,beam,500,20,10589.870835048441,0.0,10589.870835048441,1.0,results/large_scale_calibrated_multiseed_bged_hard_governed_wowa_balanced_raw.csv
bged_hard_H8_A6_S120,cem,500,20,11013.562837833146,167.79103849394082,10589.870835048441,1.0,results/large_scale_calibrated_multiseed_bged_hard_governed_wowa_balanced_raw.csv
bged_hard_H8_A6_S120,evolutionary,500,20,10596.938124960609,3.2434962242934176,10589.870835048441,1.0,results/large_scale_calibrated_multiseed_bged_hard_governed_wowa_balanced_raw.csv
bged_hard_H8_A6_S120,open_loop_mcts,500,20,12145.729749994698,221.24632837289016,10625.207284609276,1.0,results/large_scale_calibrated_multiseed_bged_hard_governed_wowa_balanced_raw.csv
bged_hard_H8_A6_S120,random,1000,20,12664.115764924543,211.1763842997205,10626.096061623492,1.0,results/large_scale_calibrated_multiseed_bged_hard_governed_wowa_balanced_raw.csv
bged_hard_H8_A6_S120,beam,1000,20,10589.870835048441,0.0,10589.870835048441,1.0,results/large_scale_calibrated_multiseed_bged_hard_governed_wowa_balanced_raw.csv
bged_hard_H8_A6_S120,cem,1000,20,10589.870835048441,0.0,10589.870835048441,1.0,results/large_scale_calibrated_multiseed_bged_hard_governed_wowa_balanced_raw.csv
bged_hard_H8_A6_S120,evolutionary,1000,20,10589.870835048441,0.0,10589.870835048441,1.0,results/large_scale_calibrated_multiseed_bged_hard_governed_wowa_balanced_raw.csv
bged_hard_H8_A6_S120,open_loop_mcts,1000,20,12145.729749994698,221.24632837289016,10625.207284609276,1.0,results/large_scale_calibrated_multiseed_bged_hard_governed_wowa_balanced_raw.csv
bged_hard_H8_A6_S120,random,5000,20,11347.112023388947,173.12665816193464,10626.096061623492,1.0,results/large_scale_calibrated_multiseed_bged_hard_governed_wowa_balanced_raw.csv
bged_hard_H8_A6_S120,beam,5000,20,10589.870835048441,0.0,10589.870835048441,1.0,results/large_scale_calibrated_multiseed_bged_hard_governed_wowa_balanced_raw.csv
bged_hard_H8_A6_S120,cem,5000,20,10589.870835048441,0.0,10589.870835048441,1.0,results/large_scale_calibrated_multiseed_bged_hard_governed_wowa_balanced_raw.csv
bged_hard_H8_A6_S120,evolutionary,5000,20,10589.870835048441,0.0,10589.870835048441,1.0,results/large_scale_calibrated_multiseed_bged_hard_governed_wowa_balanced_raw.csv
bged_hard_H8_A6_S120,open_loop_mcts,5000,20,12145.729749994698,221.24632837289016,10625.207284609276,1.0,results/large_scale_calibrated_multiseed_bged_hard_governed_wowa_balanced_raw.csv
bged_hard_H8_A6_S120,random,10000,20,10890.225593682802,123.8249175179513,10626.096061623492,1.0,results/large_scale_calibrated_multiseed_bged_hard_governed_wowa_balanced_raw.csv
bged_hard_H8_A6_S120,beam,10000,20,10589.870835048441,0.0,10589.870835048441,1.0,results/large_scale_calibrated_multiseed_bged_hard_governed_wowa_balanced_raw.csv
bged_hard_H8_A6_S120,cem,10000,20,10589.870835048441,0.0,10589.870835048441,1.0,results/large_scale_calibrated_multiseed_bged_hard_governed_wowa_balanced_raw.csv
bged_hard_H8_A6_S120,evolutionary,10000,20,10589.870835048441,0.0,10589.870835048441,1.0,results/large_scale_calibrated_multiseed_bged_hard_governed_wowa_balanced_raw.csv
bged_hard_H8_A6_S120,open_loop_mcts,10000,20,12145.729749994698,221.24632837289016,10625.207284609276,1.0,results/large_scale_calibrated_multiseed_bged_hard_governed_wowa_balanced_raw.csv
bged_hard_H10_A6_S120,random,100,20,13427.926415722235,9.259276081089961,13350.637166844366,1.0,results/large_scale_calibrated_multiseed_bged_hard_governed_wowa_balanced_raw.csv
bged_hard_H10_A6_S120,beam,100,20,10660.594468172549,0.0,10660.594468172549,1.0,results/large_scale_calibrated_multiseed_bged_hard_governed_wowa_balanced_raw.csv
bged_hard_H10_A6_S120,cem,100,20,13348.05444183898,8.25708122394594,13292.744609077246,1.0,results/large_scale_calibrated_multiseed_bged_hard_governed_wowa_balanced_raw.csv
bged_hard_H10_A6_S120,evolutionary,100,20,13381.612500857002,11.378208570518497,13295.077527112187,1.0,results/large_scale_calibrated_multiseed_bged_hard_governed_wowa_balanced_raw.csv
bged_hard_H10_A6_S120,open_loop_mcts,100,20,13283.856565583481,59.769875762733044,12178.044739315139,1.0,results/large_scale_calibrated_multiseed_bged_hard_governed_wowa_balanced_raw.csv
bged_hard_H10_A6_S120,random,500,20,13375.589089750132,8.584934012301035,13296.509515021438,1.0,results/large_scale_calibrated_multiseed_bged_hard_governed_wowa_balanced_raw.csv
bged_hard_H10_A6_S120,beam,500,20,10660.594468172549,0.0,10660.594468172549,1.0,results/large_scale_calibrated_multiseed_bged_hard_governed_wowa_balanced_raw.csv
bged_hard_H10_A6_S120,cem,500,20,13294.176433201945,6.052984191061368,13249.655469544145,1.0,results/large_scale_calibrated_multiseed_bged_hard_governed_wowa_balanced_raw.csv
bged_hard_H10_A6_S120,evolutionary,500,20,12374.552180159233,199.23001450154575,10660.594468172549,1.0,results/large_scale_calibrated_multiseed_bged_hard_governed_wowa_balanced_raw.csv
bged_hard_H10_A6_S120,open_loop_mcts,500,20,13266.613992080669,58.58499032049086,12178.044739315139,1.0,results/large_scale_calibrated_multiseed_bged_hard_governed_wowa_balanced_raw.csv
bged_hard_H10_A6_S120,random,1000,20,13342.274152728509,9.247943131344526,13259.71758265658,1.0,results/large_scale_calibrated_multiseed_bged_hard_governed_wowa_balanced_raw.csv
bged_hard_H10_A6_S120,beam,1000,20,10660.594468172549,0.0,10660.594468172549,1.0,results/large_scale_calibrated_multiseed_bged_hard_governed_wowa_balanced_raw.csv
bged_hard_H10_A6_S120,cem,1000,20,11624.370928117718,187.69060678196354,10660.594468172549,1.0,results/large_scale_calibrated_multiseed_bged_hard_governed_wowa_balanced_raw.csv
bged_hard_H10_A6_S120,evolutionary,1000,20,10812.428377294968,104.49926803686824,10660.594468172549,1.0,results/large_scale_calibrated_multiseed_bged_hard_governed_wowa_balanced_raw.csv
bged_hard_H10_A6_S120,open_loop_mcts,1000,20,13266.613992080669,58.58499032049086,12178.044739315139,1.0,results/large_scale_calibrated_multiseed_bged_hard_governed_wowa_balanced_raw.csv
bged_hard_H10_A6_S120,random,5000,20,13302.090122487385,5.944479058073816,13259.71758265658,1.0,results/large_scale_calibrated_multiseed_bged_hard_governed_wowa_balanced_raw.csv
bged_hard_H10_A6_S120,beam,5000,20,10660.594468172549,0.0,10660.594468172549,1.0,results/large_scale_calibrated_multiseed_bged_hard_governed_wowa_balanced_raw.csv
bged_hard_H10_A6_S120,cem,5000,20,10660.594468172549,0.0,10660.594468172549,1.0,results/large_scale_calibrated_multiseed_bged_hard_governed_wowa_balanced_raw.csv
bged_hard_H10_A6_S120,evolutionary,5000,20,10660.594468172549,0.0,10660.594468172549,1.0,results/large_scale_calibrated_multiseed_bged_hard_governed_wowa_balanced_raw.csv
bged_hard_H10_A6_S120,open_loop_mcts,5000,20,13266.613992080669,58.58499032049086,12178.044739315139,1.0,results/large_scale_calibrated_multiseed_bged_hard_governed_wowa_balanced_raw.csv
bged_hard_H10_A6_S120,random,10000,20,13290.29981679067,4.721592530045877,13258.8781414684,1.0,results/large_scale_calibrated_multiseed_bged_hard_governed_wowa_balanced_raw.csv
bged_hard_H10_A6_S120,beam,10000,20,10660.594468172549,0.0,10660.594468172549,1.0,results/large_scale_calibrated_multiseed_bged_hard_governed_wowa_balanced_raw.csv
bged_hard_H10_A6_S120,cem,10000,20,10660.594468172549,0.0,10660.594468172549,1.0,results/large_scale_calibrated_multiseed_bged_hard_governed_wowa_balanced_raw.csv
bged_hard_H10_A6_S120,evolutionary,10000,20,10660.594468172549,0.0,10660.594468172549,1.0,results/large_scale_calibrated_multiseed_bged_hard_governed_wowa_balanced_raw.csv
bged_hard_H10_A6_S120,open_loop_mcts,10000,20,13266.613992080669,58.58499032049086,12178.044739315139,1.0,results/large_scale_calibrated_multiseed_bged_hard_governed_wowa_balanced_raw.csv
bged_hard_H12_A6_S120,random,100,20,13580.223327723135,10.649236660509693,13488.357542296866,1.0,results/large_scale_calibrated_multiseed_bged_hard_governed_wowa_balanced_raw.csv
bged_hard_H12_A6_S120,beam,100,20,13232.232483077747,0.0,13232.232483077747,1.0,results/large_scale_calibrated_multiseed_bged_hard_governed_wowa_balanced_raw.csv
bged_hard_H12_A6_S120,cem,100,20,13477.364982434685,8.293219068146438,13431.665444069562,1.0,results/large_scale_calibrated_multiseed_bged_hard_governed_wowa_balanced_raw.csv
bged_hard_H12_A6_S120,evolutionary,100,20,13531.54634467904,12.875610965393204,13359.89648835239,1.0,results/large_scale_calibrated_multiseed_bged_hard_governed_wowa_balanced_raw.csv
bged_hard_H12_A6_S120,open_loop_mcts,100,20,13502.045134419615,14.808622020190057,13369.302698190828,1.0,results/large_scale_calibrated_multiseed_bged_hard_governed_wowa_balanced_raw.csv
bged_hard_H12_A6_S120,random,500,20,13525.821948769802,6.4180107437810845,13467.704582988994,1.0,results/large_scale_calibrated_multiseed_bged_hard_governed_wowa_balanced_raw.csv
bged_hard_H12_A6_S120,beam,500,20,13232.232483077747,0.0,13232.232483077747,1.0,results/large_scale_calibrated_multiseed_bged_hard_governed_wowa_balanced_raw.csv
bged_hard_H12_A6_S120,cem,500,20,13412.011086128023,8.30634320723853,13332.572254763481,1.0,results/large_scale_calibrated_multiseed_bged_hard_governed_wowa_balanced_raw.csv
bged_hard_H12_A6_S120,evolutionary,500,20,13314.863541089608,6.829702709666064,13264.815099457612,1.0,results/large_scale_calibrated_multiseed_bged_hard_governed_wowa_balanced_raw.csv
bged_hard_H12_A6_S120,open_loop_mcts,500,20,13438.626937670964,15.804216415474812,13294.73125559266,1.0,results/large_scale_calibrated_multiseed_bged_hard_governed_wowa_balanced_raw.csv
bged_hard_H12_A6_S120,random,1000,20,13502.989334599151,7.68871554833362,13424.923826860519,1.0,results/large_scale_calibrated_multiseed_bged_hard_governed_wowa_balanced_raw.csv
bged_hard_H12_A6_S120,beam,1000,20,13232.232483077747,0.0,13232.232483077747,1.0,results/large_scale_calibrated_multiseed_bged_hard_governed_wowa_balanced_raw.csv
bged_hard_H12_A6_S120,cem,1000,20,13288.769498680662,5.003836873984799,13232.232483077747,1.0,results/large_scale_calibrated_multiseed_bged_hard_governed_wowa_balanced_raw.csv
bged_hard_H12_A6_S120,evolutionary,1000,20,13244.693339968197,4.171279258191345,13232.232483077747,1.0,results/large_scale_calibrated_multiseed_bged_hard_governed_wowa_balanced_raw.csv
bged_hard_H12_A6_S120,open_loop_mcts,1000,20,13438.626937670964,15.804216415474812,13294.73125559266,1.0,results/large_scale_calibrated_multiseed_bged_hard_governed_wowa_balanced_raw.csv
bged_hard_H12_A6_S120,random,5000,20,13439.154662492252,8.248435041977183,13374.47770156601,1.0,results/large_scale_calibrated_multiseed_bged_hard_governed_wowa_balanced_raw.csv
bged_hard_H12_A6_S120,beam,5000,20,13232.232483077747,0.0,13232.232483077747,1.0,results/large_scale_calibrated_multiseed_bged_hard_governed_wowa_balanced_raw.csv
bged_hard_H12_A6_S120,cem,5000,20,13232.232483077747,0.0,13232.232483077747,1.0,results/large_scale_calibrated_multiseed_bged_hard_governed_wowa_balanced_raw.csv
bged_hard_H12_A6_S120,evolutionary,5000,20,13232.232483077747,0.0,13232.232483077747,1.0,results/large_scale_calibrated_multiseed_bged_hard_governed_wowa_balanced_raw.csv
bged_hard_H12_A6_S120,open_loop_mcts,5000,20,13438.626937670964,15.804216415474812,13294.73125559266,1.0,results/large_scale_calibrated_multiseed_bged_hard_governed_wowa_balanced_raw.csv
bged_hard_H12_A6_S120,random,10000,20,13418.370504216478,6.075044958679144,13374.47770156601,1.0,results/large_scale_calibrated_multiseed_bged_hard_governed_wowa_balanced_raw.csv
bged_hard_H12_A6_S120,beam,10000,20,13232.232483077747,0.0,13232.232483077747,1.0,results/large_scale_calibrated_multiseed_bged_hard_governed_wowa_balanced_raw.csv
bged_hard_H12_A6_S120,cem,10000,20,13232.232483077747,0.0,13232.232483077747,1.0,results/large_scale_calibrated_multiseed_bged_hard_governed_wowa_balanced_raw.csv
bged_hard_H12_A6_S120,evolutionary,10000,20,13232.232483077747,0.0,13232.232483077747,1.0,results/large_scale_calibrated_multiseed_bged_hard_governed_wowa_balanced_raw.csv
bged_hard_H12_A6_S120,open_loop_mcts,10000,20,13438.626937670964,15.804216415474812,13294.73125559266,1.0,results/large_scale_calibrated_multiseed_bged_hard_governed_wowa_balanced_raw.csv
bsp_hard_H6_A6_S120,random,100,20,771.5824622521732,98.8977628247934,586.1955360675294,0.9,results/large_scale_calibrated_multiseed_bsp_hard_governed_wowa_balanced_raw.csv
bsp_hard_H6_A6_S120,beam,100,20,592.7552387488133,0.6150804336701599,591.5646187783985,0.75,results/large_scale_calibrated_multiseed_bsp_hard_governed_wowa_balanced_raw.csv
bsp_hard_H6_A6_S120,cem,100,20,766.4265091257681,122.08523696327129,584.9336161770564,0.8,results/large_scale_calibrated_multiseed_bsp_hard_governed_wowa_balanced_raw.csv
bsp_hard_H6_A6_S120,evolutionary,100,20,806.928253583893,114.18727067511252,584.0472676825581,0.65,results/large_scale_calibrated_multiseed_bsp_hard_governed_wowa_balanced_raw.csv
bsp_hard_H6_A6_S120,open_loop_mcts,100,20,1608.4882438097968,217.9609274295437,584.1674505292694,0.9,results/large_scale_calibrated_multiseed_bsp_hard_governed_wowa_balanced_raw.csv
bsp_hard_H6_A6_S120,random,500,20,588.0975553077097,1.0492239655605786,583.5364905840331,0.95,results/large_scale_calibrated_multiseed_bsp_hard_governed_wowa_balanced_raw.csv
bsp_hard_H6_A6_S120,beam,500,20,583.5364905840331,0.0,583.5364905840331,1.0,results/large_scale_calibrated_multiseed_bsp_hard_governed_wowa_balanced_raw.csv
bsp_hard_H6_A6_S120,cem,500,20,587.423351030018,0.558938545361686,583.7768562774565,1.0,results/large_scale_calibrated_multiseed_bsp_hard_governed_wowa_balanced_raw.csv
bsp_hard_H6_A6_S120,evolutionary,500,20,589.5318078435014,2.2011878846706403,584.0472676825581,0.85,results/large_scale_calibrated_multiseed_bsp_hard_governed_wowa_balanced_raw.csv
bsp_hard_H6_A6_S120,open_loop_mcts,500,20,1608.4882438097968,217.9609274295437,584.1674505292694,0.9,results/large_scale_calibrated_multiseed_bsp_hard_governed_wowa_balanced_raw.csv
bsp_hard_H6_A6_S120,random,1000,20,585.6374682325534,0.43366550089893463,583.5364905840331,1.0,results/large_scale_calibrated_multiseed_bsp_hard_governed_wowa_balanced_raw.csv
bsp_hard_H6_A6_S120,beam,1000,20,583.5364905840331,0.0,583.5364905840331,1.0,results/large_scale_calibrated_multiseed_bsp_hard_governed_wowa_balanced_raw.csv
bsp_hard_H6_A6_S120,cem,1000,20,586.0256153468806,0.5550342227322494,583.5364905840331,1.0,results/large_scale_calibrated_multiseed_bsp_hard_governed_wowa_balanced_raw.csv
bsp_hard_H6_A6_S120,evolutionary,1000,20,587.784620768054,1.474011825153286,583.7768562774565,0.85,results/large_scale_calibrated_multiseed_bsp_hard_governed_wowa_balanced_raw.csv
bsp_hard_H6_A6_S120,open_loop_mcts,1000,20,1608.4882438097968,217.9609274295437,584.1674505292694,0.9,results/large_scale_calibrated_multiseed_bsp_hard_governed_wowa_balanced_raw.csv
bsp_hard_H6_A6_S120,random,5000,20,584.0652951095647,0.08181016050528696,583.5364905840331,1.0,results/large_scale_calibrated_multiseed_bsp_hard_governed_wowa_balanced_raw.csv
bsp_hard_H6_A6_S120,beam,5000,20,583.5364905840331,0.0,583.5364905840331,1.0,results/large_scale_calibrated_multiseed_bsp_hard_governed_wowa_balanced_raw.csv
bsp_hard_H6_A6_S120,cem,5000,20,584.0903561682219,0.24106397676289543,583.5364905840331,1.0,results/large_scale_calibrated_multiseed_bsp_hard_governed_wowa_balanced_raw.csv
bsp_hard_H6_A6_S120,evolutionary,5000,20,584.8170229988705,0.41845776257767,583.5364905840331,1.0,results/large_scale_calibrated_multiseed_bsp_hard_governed_wowa_balanced_raw.csv
bsp_hard_H6_A6_S120,open_loop_mcts,5000,20,1608.4882438097968,217.9609274295437,584.1674505292694,0.9,results/large_scale_calibrated_multiseed_bsp_hard_governed_wowa_balanced_raw.csv
bsp_hard_H6_A6_S120,random,10000,20,583.9766602601148,0.07953904227731805,583.5364905840331,1.0,results/large_scale_calibrated_multiseed_bsp_hard_governed_wowa_balanced_raw.csv
bsp_hard_H6_A6_S120,beam,10000,20,583.5364905840331,0.0,583.5364905840331,1.0,results/large_scale_calibrated_multiseed_bsp_hard_governed_wowa_balanced_raw.csv
bsp_hard_H6_A6_S120,cem,10000,20,584.0903561682219,0.24106397676289543,583.5364905840331,1.0,results/large_scale_calibrated_multiseed_bsp_hard_governed_wowa_balanced_raw.csv
bsp_hard_H6_A6_S120,evolutionary,10000,20,584.0212205388973,0.3056063092691004,583.5364905840331,1.0,results/large_scale_calibrated_multiseed_bsp_hard_governed_wowa_balanced_raw.csv
bsp_hard_H6_A6_S120,open_loop_mcts,10000,20,1608.4882438097968,217.9609274295437,584.1674505292694,0.9,results/large_scale_calibrated_multiseed_bsp_hard_governed_wowa_balanced_raw.csv
bsp_hard_H8_A6_S120,random,100,20,477.1111655255982,22.246871141269953,353.84020903300535,1.0,results/large_scale_calibrated_multiseed_bsp_hard_governed_wowa_balanced_raw.csv
bsp_hard_H8_A6_S120,beam,100,20,355.9931025826182,0.0,355.9931025826182,1.0,results/large_scale_calibrated_multiseed_bsp_hard_governed_wowa_balanced_raw.csv
bsp_hard_H8_A6_S120,cem,100,20,457.69674110771257,19.143138338604473,354.184252711002,1.0,results/large_scale_calibrated_multiseed_bsp_hard_governed_wowa_balanced_raw.csv
bsp_hard_H8_A6_S120,evolutionary,100,20,458.8208344684013,21.230472299537944,355.5903442645527,1.0,results/large_scale_calibrated_multiseed_bsp_hard_governed_wowa_balanced_raw.csv
bsp_hard_H8_A6_S120,open_loop_mcts,100,20,482.1011048830702,19.385797156789653,356.367332772912,1.0,results/large_scale_calibrated_multiseed_bsp_hard_governed_wowa_balanced_raw.csv
bsp_hard_H8_A6_S120,random,500,20,415.6494709292104,18.123733437931698,353.84020903300535,1.0,results/large_scale_calibrated_multiseed_bsp_hard_governed_wowa_balanced_raw.csv
bsp_hard_H8_A6_S120,beam,500,20,355.09495012591333,0.0,355.09495012591333,1.0,results/large_scale_calibrated_multiseed_bsp_hard_governed_wowa_balanced_raw.csv
bsp_hard_H8_A6_S120,cem,500,20,357.8406648606425,0.5447967305456055,354.0620748007026,1.0,results/large_scale_calibrated_multiseed_bsp_hard_governed_wowa_balanced_raw.csv
bsp_hard_H8_A6_S120,evolutionary,500,20,356.2862444993411,0.44693076474807464,354.01716717786735,1.0,results/large_scale_calibrated_multiseed_bsp_hard_governed_wowa_balanced_raw.csv
bsp_hard_H8_A6_S120,open_loop_mcts,500,20,482.1011048830702,19.385797156789653,356.367332772912,1.0,results/large_scale_calibrated_multiseed_bsp_hard_governed_wowa_balanced_raw.csv
bsp_hard_H8_A6_S120,random,1000,20,384.9033536865518,12.556389751955898,353.84020903300535,1.0,results/large_scale_calibrated_multiseed_bsp_hard_governed_wowa_balanced_raw.csv
bsp_hard_H8_A6_S120,beam,1000,20,355.09495012591333,0.0,355.09495012591333,1.0,results/large_scale_calibrated_multiseed_bsp_hard_governed_wowa_balanced_raw.csv
bsp_hard_H8_A6_S120,cem,1000,20,348.28717199235405,7.437270191539981,207.1030626755069,1.0,results/large_scale_calibrated_multiseed_bsp_hard_governed_wowa_balanced_raw.csv
bsp_hard_H8_A6_S120,evolutionary,1000,20,355.24726601799745,0.351517224313151,352.9992610602683,1.0,results/large_scale_calibrated_multiseed_bsp_hard_governed_wowa_balanced_raw.csv
bsp_hard_H8_A6_S120,open_loop_mcts,1000,20,482.1011048830702,19.385797156789653,356.367332772912,1.0,results/large_scale_calibrated_multiseed_bsp_hard_governed_wowa_balanced_raw.csv
bsp_hard_H8_A6_S120,random,5000,20,348.7794632243648,7.451898444216517,207.4030013923827,1.0,results/large_scale_calibrated_multiseed_bsp_hard_governed_wowa_balanced_raw.csv
bsp_hard_H8_A6_S120,beam,5000,20,355.09495012591333,0.0,355.09495012591333,1.0,results/large_scale_calibrated_multiseed_bsp_hard_governed_wowa_balanced_raw.csv
bsp_hard_H8_A6_S120,cem,5000,20,229.1195414025549,11.965853090605938,207.1030626755069,1.0,results/large_scale_calibrated_multiseed_bsp_hard_governed_wowa_balanced_raw.csv
bsp_hard_H8_A6_S120,evolutionary,5000,20,251.1846342084902,15.433833760315377,207.1030626755069,1.0,results/large_scale_calibrated_multiseed_bsp_hard_governed_wowa_balanced_raw.csv
bsp_hard_H8_A6_S120,open_loop_mcts,5000,20,482.1011048830702,19.385797156789653,356.367332772912,1.0,results/large_scale_calibrated_multiseed_bsp_hard_governed_wowa_balanced_raw.csv
bsp_hard_H8_A6_S120,random,10000,20,347.9810729691984,7.406111160226166,207.4030013923827,1.0,results/large_scale_calibrated_multiseed_bsp_hard_governed_wowa_balanced_raw.csv
bsp_hard_H8_A6_S120,beam,10000,20,355.09495012591333,0.0,355.09495012591333,1.0,results/large_scale_calibrated_multiseed_bsp_hard_governed_wowa_balanced_raw.csv
bsp_hard_H8_A6_S120,cem,10000,20,229.1195414025549,11.965853090605938,207.1030626755069,1.0,results/large_scale_calibrated_multiseed_bsp_hard_governed_wowa_balanced_raw.csv
bsp_hard_H8_A6_S120,evolutionary,10000,20,221.69268251398302,10.04126502640953,207.1030626755069,1.0,results/large_scale_calibrated_multiseed_bsp_hard_governed_wowa_balanced_raw.csv
bsp_hard_H8_A6_S120,open_loop_mcts,10000,20,482.1011048830702,19.385797156789653,356.367332772912,1.0,results/large_scale_calibrated_multiseed_bsp_hard_governed_wowa_balanced_raw.csv
bsp_hard_H10_A6_S120,random,100,20,482.5919491248608,38.18238264553712,84.83431267083274,1.0,results/large_scale_calibrated_multiseed_bsp_hard_governed_wowa_balanced_raw.csv
bsp_hard_H10_A6_S120,beam,100,20,543.36810879986,0.0,543.36810879986,1.0,results/large_scale_calibrated_multiseed_bsp_hard_governed_wowa_balanced_raw.csv
bsp_hard_H10_A6_S120,cem,100,20,153.55831209850822,27.997159079145444,73.43679884606252,1.0,results/large_scale_calibrated_multiseed_bsp_hard_governed_wowa_balanced_raw.csv
bsp_hard_H10_A6_S120,evolutionary,100,20,312.60601495803246,49.00055849306422,72.85134636500652,1.0,results/large_scale_calibrated_multiseed_bsp_hard_governed_wowa_balanced_raw.csv
bsp_hard_H10_A6_S120,open_loop_mcts,100,20,204.87697906307272,43.76242071720151,76.85191679544235,1.0,results/large_scale_calibrated_multiseed_bsp_hard_governed_wowa_balanced_raw.csv
bsp_hard_H10_A6_S120,random,500,20,201.8329768960684,39.72816179485341,73.39176403982745,1.0,results/large_scale_calibrated_multiseed_bsp_hard_governed_wowa_balanced_raw.csv
bsp_hard_H10_A6_S120,beam,500,20,79.60586619453963,0.0,79.60586619453963,1.0,results/large_scale_calibrated_multiseed_bsp_hard_governed_wowa_balanced_raw.csv
bsp_hard_H10_A6_S120,cem,500,20,78.05841082276996,0.797742763445387,72.52109111928257,1.0,results/large_scale_calibrated_multiseed_bsp_hard_governed_wowa_balanced_raw.csv
bsp_hard_H10_A6_S120,evolutionary,500,20,75.10021025474828,0.4721087677978633,71.83055742367796,1.0,results/large_scale_calibrated_multiseed_bsp_hard_governed_wowa_balanced_raw.csv
bsp_hard_H10_A6_S120,open_loop_mcts,500,20,204.65294171133934,43.76573305175858,76.85191679544235,1.0,results/large_scale_calibrated_multiseed_bsp_hard_governed_wowa_balanced_raw.csv
bsp_hard_H10_A6_S120,random,1000,20,109.51053638083631,17.547235923483665,73.39176403982745,1.0,results/large_scale_calibrated_multiseed_bsp_hard_governed_wowa_balanced_raw.csv
bsp_hard_H10_A6_S120,beam,1000,20,79.60586619453963,0.0,79.60586619453963,1.0,results/large_scale_calibrated_multiseed_bsp_hard_governed_wowa_balanced_raw.csv
bsp_hard_H10_A6_S120,cem,1000,20,73.38966936224386,0.30746349777537313,70.23544487871268,1.0,results/large_scale_calibrated_multiseed_bsp_hard_governed_wowa_balanced_raw.csv
bsp_hard_H10_A6_S120,evolutionary,1000,20,73.64711437853181,0.430602145729236,71.32016295301374,1.0,results/large_scale_calibrated_multiseed_bsp_hard_governed_wowa_balanced_raw.csv
bsp_hard_H10_A6_S120,open_loop_mcts,1000,20,204.65294171133934,43.76573305175858,76.85191679544235,1.0,results/large_scale_calibrated_multiseed_bsp_hard_governed_wowa_balanced_raw.csv
bsp_hard_H10_A6_S120,random,5000,20,76.82330435882449,0.4699244777739576,73.39176403982745,1.0,results/large_scale_calibrated_multiseed_bsp_hard_governed_wowa_balanced_raw.csv
bsp_hard_H10_A6_S120,beam,5000,20,79.60586619453963,0.0,79.60586619453963,1.0,results/large_scale_calibrated_multiseed_bsp_hard_governed_wowa_balanced_raw.csv
bsp_hard_H10_A6_S120,cem,5000,20,69.35220623263412,0.1353587446358091,69.03451671244385,1.0,results/large_scale_calibrated_multiseed_bsp_hard_governed_wowa_balanced_raw.csv
bsp_hard_H10_A6_S120,evolutionary,5000,20,70.92814003770765,0.3525651184948282,69.03451671244385,1.0,results/large_scale_calibrated_multiseed_bsp_hard_governed_wowa_balanced_raw.csv
bsp_hard_H10_A6_S120,open_loop_mcts,5000,20,204.65294171133934,43.76573305175858,76.85191679544235,1.0,results/large_scale_calibrated_multiseed_bsp_hard_governed_wowa_balanced_raw.csv
bsp_hard_H10_A6_S120,random,10000,20,75.4105759708083,0.3384986555522148,72.1307894652452,1.0,results/large_scale_calibrated_multiseed_bsp_hard_governed_wowa_balanced_raw.csv
bsp_hard_H10_A6_S120,beam,10000,20,79.60586619453963,0.0,79.60586619453963,1.0,results/large_scale_calibrated_multiseed_bsp_hard_governed_wowa_balanced_raw.csv
bsp_hard_H10_A6_S120,cem,10000,20,69.35220623263412,0.1353587446358091,69.03451671244385,1.0,results/large_scale_calibrated_multiseed_bsp_hard_governed_wowa_balanced_raw.csv
bsp_hard_H10_A6_S120,evolutionary,10000,20,70.13605792701328,0.23661352569445215,69.03451671244385,1.0,results/large_scale_calibrated_multiseed_bsp_hard_governed_wowa_balanced_raw.csv
bsp_hard_H10_A6_S120,open_loop_mcts,10000,20,204.65294171133934,43.76573305175858,76.85191679544235,1.0,results/large_scale_calibrated_multiseed_bsp_hard_governed_wowa_balanced_raw.csv
bsp_hard_H12_A6_S120,random,100,20,617.4591920220043,48.1042718514594,86.99776398958342,1.0,results/large_scale_calibrated_multiseed_bsp_hard_governed_wowa_balanced_raw.csv
bsp_hard_H12_A6_S120,beam,100,20,572.9123235750661,0.0,572.9123235750661,1.0,results/large_scale_calibrated_multiseed_bsp_hard_governed_wowa_balanced_raw.csv
bsp_hard_H12_A6_S120,cem,100,20,192.6514269695109,48.98312315448535,42.96743931789361,1.0,results/large_scale_calibrated_multiseed_bsp_hard_governed_wowa_balanced_raw.csv
bsp_hard_H12_A6_S120,evolutionary,100,20,455.2413274570088,52.29173198274169,73.22898212639522,1.0,results/large_scale_calibrated_multiseed_bsp_hard_governed_wowa_balanced_raw.csv
bsp_hard_H12_A6_S120,open_loop_mcts,100,20,228.892010542403,51.35734475226181,39.85734171921537,1.0,results/large_scale_calibrated_multiseed_bsp_hard_governed_wowa_balanced_raw.csv
bsp_hard_H12_A6_S120,random,500,20,445.2333579027612,45.383287284262046,67.81527585713755,1.0,results/large_scale_calibrated_multiseed_bsp_hard_governed_wowa_balanced_raw.csv
bsp_hard_H12_A6_S120,beam,500,20,84.09533217013586,0.0,84.09533217013586,1.0,results/large_scale_calibrated_multiseed_bsp_hard_governed_wowa_balanced_raw.csv
bsp_hard_H12_A6_S120,cem,500,20,56.891135399578154,1.9003267031967055,40.88249370550202,1.0,results/large_scale_calibrated_multiseed_bsp_hard_governed_wowa_balanced_raw.csv
bsp_hard_H12_A6_S120,evolutionary,500,20,43.47732235954211,1.368343585281299,37.42740510621222,1.0,results/large_scale_calibrated_multiseed_bsp_hard_governed_wowa_balanced_raw.csv
bsp_hard_H12_A6_S120,open_loop_mcts,500,20,60.82011368149971,2.920324927625803,39.16735971799224,1.0,results/large_scale_calibrated_multiseed_bsp_hard_governed_wowa_balanced_raw.csv
bsp_hard_H12_A6_S120,random,1000,20,371.8991556872642,51.66491195755658,67.81527585713755,1.0,results/large_scale_calibrated_multiseed_bsp_hard_governed_wowa_balanced_raw.csv
bsp_hard_H12_A6_S120,beam,1000,20,61.70199515116434,0.0,61.70199515116434,1.0,results/large_scale_calibrated_multiseed_bsp_hard_governed_wowa_balanced_raw.csv
bsp_hard_H12_A6_S120,cem,1000,20,39.892093575797816,0.5127962335538041,35.46343211322362,1.0,results/large_scale_calibrated_multiseed_bsp_hard_governed_wowa_balanced_raw.csv
bsp_hard_H12_A6_S120,evolutionary,1000,20,38.51612615395234,0.537659255039409,35.61313608080851,1.0,results/large_scale_calibrated_multiseed_bsp_hard_governed_wowa_balanced_raw.csv
bsp_hard_H12_A6_S120,open_loop_mcts,1000,20,60.82011368149971,2.920324927625803,39.16735971799224,1.0,results/large_scale_calibrated_multiseed_bsp_hard_governed_wowa_balanced_raw.csv
bsp_hard_H12_A6_S120,random,5000,20,69.59507782465658,2.8132548644400104,41.99708324853965,1.0,results/large_scale_calibrated_multiseed_bsp_hard_governed_wowa_balanced_raw.csv
bsp_hard_H12_A6_S120,beam,5000,20,61.70199515116434,0.0,61.70199515116434,1.0,results/large_scale_calibrated_multiseed_bsp_hard_governed_wowa_balanced_raw.csv
bsp_hard_H12_A6_S120,cem,5000,20,33.769493156706595,0.15762598801686273,33.14302061565776,1.0,results/large_scale_calibrated_multiseed_bsp_hard_governed_wowa_balanced_raw.csv
bsp_hard_H12_A6_S120,evolutionary,5000,20,34.72909734811335,0.3555368946110386,33.442428550827536,1.0,results/large_scale_calibrated_multiseed_bsp_hard_governed_wowa_balanced_raw.csv
bsp_hard_H12_A6_S120,open_loop_mcts,5000,20,60.82011368149971,2.920324927625803,39.16735971799224,1.0,results/large_scale_calibrated_multiseed_bsp_hard_governed_wowa_balanced_raw.csv
bsp_hard_H12_A6_S120,random,10000,20,63.36963105155509,2.509334764204477,41.99708324853965,1.0,results/large_scale_calibrated_multiseed_bsp_hard_governed_wowa_balanced_raw.csv
bsp_hard_H12_A6_S120,beam,10000,20,61.70199515116434,0.0,61.70199515116434,1.0,results/large_scale_calibrated_multiseed_bsp_hard_governed_wowa_balanced_raw.csv
bsp_hard_H12_A6_S120,cem,10000,20,33.75826535913773,0.15615839146797844,33.14302061565776,1.0,results/large_scale_calibrated_multiseed_bsp_hard_governed_wowa_balanced_raw.csv
bsp_hard_H12_A6_S120,evolutionary,10000,20,34.21322858800637,0.3625572494264619,33.14302061565776,1.0,results/large_scale_calibrated_multiseed_bsp_hard_governed_wowa_balanced_raw.csv
bsp_hard_H12_A6_S120,open_loop_mcts,10000,20,60.82011368149971,2.920324927625803,39.16735971799224,1.0,results/large_scale_calibrated_multiseed_bsp_hard_governed_wowa_balanced_raw.csv
